log,combo,degradation_dim,degradation_level,metric_or_stage,seconds,rows,status
claims,claims_known,activity_frequency_gradual,0.1,aligned_duration_cache,0.0233662999235093,1,ok
claims,claims_known,activity_frequency_gradual,0.1,alignment_coverage_pn2_lower,0.0008878996595739398,13,ok
claims,claims_known,activity_frequency_gradual,0.1,alignment_coverage_pn2_upper,0.0005298992618918031,13,ok
claims,claims_known,activity_frequency_gradual,0.1,classical,0.0622913003899157,1,ok
claims,claims_known,activity_frequency_gradual,0.1,dv,8.25983940018341,1,ok
claims,claims_known,activity_frequency_gradual,0.1,executions_cache,8.100178092718124e-06,1,ok
claims,claims_known,activity_frequency_gradual,0.1,matchprob,4.500150680541992e-06,13,ok
claims,claims_known,activity_frequency_gradual,0.1,mean_leaf_skipprob,2.800021320581436e-06,1,ok
claims,claims_known,activity_frequency_gradual,0.1,salign_coverage,0.0010389997623859407,13,ok
claims,claims_known,activity_frequency_gradual,0.1,skipprob,4.600267857313156e-06,13,ok
claims,claims_known,activity_frequency_gradual,0.1,traces,0.0233511999249458,1,ok
claims,claims_known,activity_frequency_gradual,0.1,voidmass_deficit_lower,1.0598450899124146e-05,13,ok
claims,claims_known,activity_frequency_gradual,0.1,voidmass_deficit_upper,5.2996911108493805e-06,13,ok
claims,claims_known,activity_frequency_gradual,0.1,voidmass_movecount,4.70038503408432e-06,13,ok
claims,claims_known,activity_frequency_gradual,0.1,voidmass_movecount_bound,5.09992241859436e-06,13,ok
claims,claims_known,activity_frequency_gradual,0.1,voidmass_process_lower,5.600042641162872e-06,13,ok
claims,claims_known,activity_frequency_gradual,0.1,voidmass_process_upper,4.400033503770828e-06,13,ok
claims,claims_known,activity_frequency_gradual,0.1,voidsalign3,0.000645999331027224,13,ok
claims,claims_known,activity_frequency_gradual,0.1,voidsat2,0.0044773998670274455,13,ok
claims,claims_known,activity_frequency_gradual,0.1,weight_voidage,2.6600901037454605e-05,13,ok
claims,claims_known,activity_frequency_gradual,0.2,aligned_duration_cache,0.0222415002062916,1,ok
claims,claims_known,activity_frequency_gradual,0.2,alignment_coverage_pn2_lower,0.0018918006680903336,13,ok
claims,claims_known,activity_frequency_gradual,0.2,alignment_coverage_pn2_upper,0.0010956008918581157,13,ok
claims,claims_known,activity_frequency_gradual,0.2,classical,0.1053861998952925,1,ok
claims,claims_known,activity_frequency_gradual,0.2,dv,8.2683468000032,1,ok
claims,claims_known,activity_frequency_gradual,0.2,executions_cache,1.00000761449337e-05,1,ok
claims,claims_known,activity_frequency_gradual,0.2,matchprob,5.499459803104401e-06,13,ok
claims,claims_known,activity_frequency_gradual,0.2,mean_leaf_skipprob,3.4999102354049683e-06,1,ok
claims,claims_known,activity_frequency_gradual,0.2,salign_coverage,0.0025556008331472997,13,ok
claims,claims_known,activity_frequency_gradual,0.2,skipprob,5.09992241859436e-06,13,ok
claims,claims_known,activity_frequency_gradual,0.2,traces,0.0222263997420668,1,ok
claims,claims_known,activity_frequency_gradual,0.2,voidmass_deficit_lower,1.120101660490036e-05,13,ok
claims,claims_known,activity_frequency_gradual,0.2,voidmass_deficit_upper,6.000511348247528e-06,13,ok
claims,claims_known,activity_frequency_gradual,0.2,voidmass_movecount,4.7995708882808685e-06,13,ok
claims,claims_known,activity_frequency_gradual,0.2,voidmass_movecount_bound,5.099456757307053e-06,13,ok
claims,claims_known,activity_frequency_gradual,0.2,voidmass_process_lower,5.499925464391708e-06,13,ok
claims,claims_known,activity_frequency_gradual,0.2,voidmass_process_upper,5.100388079881668e-06,13,ok
claims,claims_known,activity_frequency_gradual,0.2,voidsalign3,0.001586099155246874,13,ok
claims,claims_known,activity_frequency_gradual,0.2,voidsat2,0.009562100283801,13,ok
claims,claims_known,activity_frequency_gradual,0.2,weight_voidage,3.229966387152672e-05,13,ok
claims,claims_known,activity_frequency_gradual,0.3,aligned_duration_cache,0.0234519001096487,1,ok
claims,claims_known,activity_frequency_gradual,0.3,alignment_coverage_pn2_lower,0.002927300985902274,13,ok
claims,claims_known,activity_frequency_gradual,0.3,alignment_coverage_pn2_upper,0.0016378997825083788,13,ok
claims,claims_known,activity_frequency_gradual,0.3,classical,0.1758651998825371,1,ok
claims,claims_known,activity_frequency_gradual,0.3,dv,9.492924199905246,1,ok
claims,claims_known,activity_frequency_gradual,0.3,executions_cache,1.2999866157770155e-05,1,ok
claims,claims_known,activity_frequency_gradual,0.3,matchprob,4.500150680541992e-06,13,ok
claims,claims_known,activity_frequency_gradual,0.3,mean_leaf_skipprob,2.9997900128364563e-06,1,ok
claims,claims_known,activity_frequency_gradual,0.3,salign_coverage,0.002735200338065148,13,ok
claims,claims_known,activity_frequency_gradual,0.3,skipprob,4.30084764957428e-06,13,ok
claims,claims_known,activity_frequency_gradual,0.3,traces,0.0234324000775814,1,ok
claims,claims_known,activity_frequency_gradual,0.3,voidmass_deficit_lower,1.0800082236528397e-05,13,ok
claims,claims_known,activity_frequency_gradual,0.3,voidmass_deficit_upper,5.499459803104401e-06,13,ok
claims,claims_known,activity_frequency_gradual,0.3,voidmass_movecount,4.698522388935089e-06,13,ok
claims,claims_known,activity_frequency_gradual,0.3,voidmass_movecount_bound,4.400499165058136e-06,13,ok
claims,claims_known,activity_frequency_gradual,0.3,voidmass_process_lower,4.8996880650520325e-06,13,ok
claims,claims_known,activity_frequency_gradual,0.3,voidmass_process_upper,4.899222403764725e-06,13,ok
claims,claims_known,activity_frequency_gradual,0.3,voidsalign3,0.0017181006260212424,13,ok
claims,claims_known,activity_frequency_gradual,0.3,voidsat2,0.0090328999795013,13,ok
claims,claims_known,activity_frequency_gradual,0.3,weight_voidage,2.7400441467761993e-05,13,ok
claims,claims_known,activity_frequency_gradual,0.4,aligned_duration_cache,0.0223011001944541,1,ok
claims,claims_known,activity_frequency_gradual,0.4,alignment_coverage_pn2_lower,0.0025416994467374796,13,ok
claims,claims_known,activity_frequency_gradual,0.4,alignment_coverage_pn2_upper,0.0014409013092516634,13,ok
claims,claims_known,activity_frequency_gradual,0.4,classical,0.1697384999133646,1,ok
claims,claims_known,activity_frequency_gradual,0.4,dv,7.041468099690974,1,ok
claims,claims_known,activity_frequency_gradual,0.4,executions_cache,7.999595254659653e-06,1,ok
claims,claims_known,activity_frequency_gradual,0.4,matchprob,4.400033503770828e-06,13,ok
claims,claims_known,activity_frequency_gradual,0.4,mean_leaf_skipprob,2.5997869670391083e-06,1,ok
claims,claims_known,activity_frequency_gradual,0.4,salign_coverage,0.0015376009978352576,13,ok
claims,claims_known,activity_frequency_gradual,0.4,skipprob,4.800967872142792e-06,13,ok
claims,claims_known,activity_frequency_gradual,0.4,traces,0.02228320017457,1,ok
claims,claims_known,activity_frequency_gradual,0.4,voidmass_deficit_lower,8.300412446260452e-06,13,ok
claims,claims_known,activity_frequency_gradual,0.4,voidmass_deficit_upper,4.099216312170029e-06,13,ok
claims,claims_known,activity_frequency_gradual,0.4,voidmass_movecount,4.198867827653885e-06,13,ok
claims,claims_known,activity_frequency_gradual,0.4,voidmass_movecount_bound,3.898981958627701e-06,13,ok
claims,claims_known,activity_frequency_gradual,0.4,voidmass_process_lower,4.700850695371628e-06,13,ok
claims,claims_known,activity_frequency_gradual,0.4,voidmass_process_upper,4.4996850192546844e-06,13,ok
claims,claims_known,activity_frequency_gradual,0.4,voidsalign3,0.0009409999474881177,13,ok
claims,claims_known,activity_frequency_gradual,0.4,voidsat2,0.008068698924034,13,ok
claims,claims_known,activity_frequency_gradual,0.4,weight_voidage,2.6001129299402237e-05,13,ok
claims,claims_known,activity_frequency_gradual,0.5,aligned_duration_cache,0.0223872000351548,1,ok
claims,claims_known,activity_frequency_gradual,0.5,alignment_coverage_pn2_lower,0.003628998994827052,13,ok
claims,claims_known,activity_frequency_gradual,0.5,alignment_coverage_pn2_upper,0.001953800208866318,13,ok
claims,claims_known,activity_frequency_gradual,0.5,classical,0.3573607997968793,1,ok
claims,claims_known,activity_frequency_gradual,0.5,dv,7.221313499845564,1,ok
claims,claims_known,activity_frequency_gradual,0.5,executions_cache,8.099712431430817e-06,1,ok
claims,claims_known,activity_frequency_gradual,0.5,matchprob,4.4996850192546844e-06,13,ok
claims,claims_known,activity_frequency_gradual,0.5,mean_leaf_skipprob,2.699904143810272e-06,1,ok
claims,claims_known,activity_frequency_gradual,0.5,salign_coverage,0.002245800103991841,13,ok
claims,claims_known,activity_frequency_gradual,0.5,skipprob,4.599802196025848e-06,13,ok
claims,claims_known,activity_frequency_gradual,0.5,traces,0.0223721000365912,1,ok
claims,claims_known,activity_frequency_gradual,0.5,voidmass_deficit_lower,9.499955922365189e-06,13,ok
claims,claims_known,activity_frequency_gradual,0.5,voidmass_deficit_upper,4.800502210855484e-06,13,ok
claims,claims_known,activity_frequency_gradual,0.5,voidmass_movecount,4.600267857313156e-06,13,ok
claims,claims_known,activity_frequency_gradual,0.5,voidmass_movecount_bound,4.200730472803116e-06,13,ok
claims,claims_known,activity_frequency_gradual,0.5,voidmass_process_lower,4.599802196025848e-06,13,ok
claims,claims_known,activity_frequency_gradual,0.5,voidmass_process_upper,4.400499165058136e-06,13,ok
claims,claims_known,activity_frequency_gradual,0.5,voidsalign3,0.0012505990453062581,13,ok
claims,claims_known,activity_frequency_gradual,0.5,voidsat2,0.0073433998040848,13,ok
claims,claims_known,activity_frequency_gradual,0.5,weight_voidage,2.5198329240083694e-05,13,ok
claims,claims_known,activity_frequency_gradual,0.6,aligned_duration_cache,0.0219399998895823,1,ok
claims,claims_known,activity_frequency_gradual,0.6,alignment_coverage_pn2_lower,0.0029996014200147874,13,ok
claims,claims_known,activity_frequency_gradual,0.6,alignment_coverage_pn2_upper,0.001620499882846823,13,ok
claims,claims_known,activity_frequency_gradual,0.6,classical,0.4639479001052677,1,ok
claims,claims_known,activity_frequency_gradual,0.6,dv,6.973490800242871,1,ok
claims,claims_known,activity_frequency_gradual,0.6,executions_cache,7.80029222369194e-06,1,ok
claims,claims_known,activity_frequency_gradual,0.6,matchprob,4.3995678424835205e-06,13,ok
claims,claims_known,activity_frequency_gradual,0.6,mean_leaf_skipprob,3.200024366378784e-06,1,ok
claims,claims_known,activity_frequency_gradual,0.6,salign_coverage,0.0019447999075052319,13,ok
claims,claims_known,activity_frequency_gradual,0.6,skipprob,4.7995708882808685e-06,13,ok
claims,claims_known,activity_frequency_gradual,0.6,traces,0.0219251997768878,1,ok
claims,claims_known,activity_frequency_gradual,0.6,voidmass_deficit_lower,9.60053876042366e-06,13,ok
claims,claims_known,activity_frequency_gradual,0.6,voidmass_deficit_upper,4.800502210855484e-06,13,ok
claims,claims_known,activity_frequency_gradual,0.6,voidmass_movecount,4.8996880650520325e-06,13,ok
claims,claims_known,activity_frequency_gradual,0.6,voidmass_movecount_bound,4.400499165058136e-06,13,ok
claims,claims_known,activity_frequency_gradual,0.6,voidmass_process_lower,4.800036549568176e-06,13,ok
claims,claims_known,activity_frequency_gradual,0.6,voidmass_process_upper,4.999339580535889e-06,13,ok
claims,claims_known,activity_frequency_gradual,0.6,voidsalign3,0.0010260003618894654,13,ok
claims,claims_known,activity_frequency_gradual,0.6,voidsat2,0.0061111003160473016,13,ok
claims,claims_known,activity_frequency_gradual,0.6,weight_voidage,2.6100315153598785e-05,13,ok
claims,claims_known,activity_frequency_gradual,0.7,aligned_duration_cache,0.0216912999749183,1,ok
claims,claims_known,activity_frequency_gradual,0.7,alignment_coverage_pn2_lower,0.0026217000558970836,13,ok
claims,claims_known,activity_frequency_gradual,0.7,alignment_coverage_pn2_upper,0.0013062995858488125,13,ok
claims,claims_known,activity_frequency_gradual,0.7,classical,0.2888135001994669,1,ok
claims,claims_known,activity_frequency_gradual,0.7,dv,7.082162699662149,1,ok
claims,claims_known,activity_frequency_gradual,0.7,executions_cache,8.399598300457e-06,1,ok
claims,claims_known,activity_frequency_gradual,0.7,matchprob,4.000961780548096e-06,13,ok
claims,claims_known,activity_frequency_gradual,0.7,mean_leaf_skipprob,2.500135451555252e-06,1,ok
claims,claims_known,activity_frequency_gradual,0.7,salign_coverage,0.0016481005586681302,13,ok
claims,claims_known,activity_frequency_gradual,0.7,skipprob,4.00003045797348e-06,13,ok
claims,claims_known,activity_frequency_gradual,0.7,traces,0.0216744001954793,1,ok
claims,claims_known,activity_frequency_gradual,0.7,voidmass_deficit_lower,1.0599847882986069e-05,13,ok
claims,claims_known,activity_frequency_gradual,0.7,voidmass_deficit_upper,4.1997991502285e-06,13,ok
claims,claims_known,activity_frequency_gradual,0.7,voidmass_movecount,3.800727427005768e-06,13,ok
claims,claims_known,activity_frequency_gradual,0.7,voidmass_movecount_bound,4.00003045797348e-06,13,ok
claims,claims_known,activity_frequency_gradual,0.7,voidmass_process_lower,4.600267857313156e-06,13,ok
claims,claims_known,activity_frequency_gradual,0.7,voidmass_process_upper,3.9995647966861725e-06,13,ok
claims,claims_known,activity_frequency_gradual,0.7,voidsalign3,0.0008138990961012845,13,ok
claims,claims_known,activity_frequency_gradual,0.7,voidsat2,0.0053579006344076354,13,ok
claims,claims_known,activity_frequency_gradual,0.7,weight_voidage,2.479972317814827e-05,13,ok
claims,claims_known,activity_frequency_gradual,0.8,aligned_duration_cache,0.0188872003927826,1,ok
claims,claims_known,activity_frequency_gradual,0.8,alignment_coverage_pn2_lower,0.0017381007783111718,13,ok
claims,claims_known,activity_frequency_gradual,0.8,alignment_coverage_pn2_upper,0.0008786004036662974,13,ok
claims,claims_known,activity_frequency_gradual,0.8,classical,0.231830000411719,1,ok
claims,claims_known,activity_frequency_gradual,0.8,dv,6.955204700119793,1,ok
claims,claims_known,activity_frequency_gradual,0.8,executions_cache,8.19982960820198e-06,1,ok
claims,claims_known,activity_frequency_gradual,0.8,matchprob,4.0996819734573364e-06,13,ok
claims,claims_known,activity_frequency_gradual,0.8,mean_leaf_skipprob,2.5997869670391083e-06,1,ok
claims,claims_known,activity_frequency_gradual,0.8,salign_coverage,0.0011561000719665236,13,ok
claims,claims_known,activity_frequency_gradual,0.8,skipprob,4.500150680541992e-06,13,ok
claims,claims_known,activity_frequency_gradual,0.8,traces,0.0188617999665439,1,ok
claims,claims_known,activity_frequency_gradual,0.8,voidmass_deficit_lower,8.199363946914673e-06,13,ok
claims,claims_known,activity_frequency_gradual,0.8,voidmass_deficit_upper,4.199333488941193e-06,13,ok
claims,claims_known,activity_frequency_gradual,0.8,voidmass_movecount,5.2996911108493805e-06,13,ok
claims,claims_known,activity_frequency_gradual,0.8,voidmass_movecount_bound,3.300607204437256e-06,13,ok
claims,claims_known,activity_frequency_gradual,0.8,voidmass_process_lower,4.200730472803116e-06,13,ok
claims,claims_known,activity_frequency_gradual,0.8,voidmass_process_upper,3.899913281202316e-06,13,ok
claims,claims_known,activity_frequency_gradual,0.8,voidsalign3,0.000599998980760512,13,ok
claims,claims_known,activity_frequency_gradual,0.8,voidsat2,0.003192898351698932,13,ok
claims,claims_known,activity_frequency_gradual,0.8,weight_voidage,2.5400426238775253e-05,13,ok
claims,claims_known,activity_frequency_gradual,0.9,aligned_duration_cache,0.0105245001614093,1,ok
claims,claims_known,activity_frequency_gradual,0.9,alignment_coverage_pn2_lower,0.00031880056485532397,13,ok
claims,claims_known,activity_frequency_gradual,0.9,alignment_coverage_pn2_upper,0.000156499445438385,13,ok
claims,claims_known,activity_frequency_gradual,0.9,classical,0.017291700001806,1,ok
claims,claims_known,activity_frequency_gradual,0.9,dv,6.245236300397664,1,ok
claims,claims_known,activity_frequency_gradual,0.9,executions_cache,8.500181138515472e-06,1,ok
claims,claims_known,activity_frequency_gradual,0.9,matchprob,4.202127456665039e-06,13,ok
claims,claims_known,activity_frequency_gradual,0.9,mean_leaf_skipprob,3.200024366378784e-06,1,ok
claims,claims_known,activity_frequency_gradual,0.9,salign_coverage,0.0002141003496944805,13,ok
claims,claims_known,activity_frequency_gradual,0.9,skipprob,4.198867827653885e-06,13,ok
claims,claims_known,activity_frequency_gradual,0.9,traces,0.0105101000517606,1,ok
claims,claims_known,activity_frequency_gradual,0.9,voidmass_deficit_lower,8.00006091594696e-06,13,ok
claims,claims_known,activity_frequency_gradual,0.9,voidmass_deficit_upper,4.699453711509705e-06,13,ok
claims,claims_known,activity_frequency_gradual,0.9,voidmass_movecount,4.200730472803116e-06,13,ok
claims,claims_known,activity_frequency_gradual,0.9,voidmass_movecount_bound,4.499219357967377e-06,13,ok
claims,claims_known,activity_frequency_gradual,0.9,voidmass_process_lower,4.199333488941193e-06,13,ok
claims,claims_known,activity_frequency_gradual,0.9,voidmass_process_upper,4.500150680541992e-06,13,ok
claims,claims_known,activity_frequency_gradual,0.9,voidsalign3,0.00010890001431107521,13,ok
claims,claims_known,activity_frequency_gradual,0.9,voidsat2,0.0010225009173153402,13,ok
claims,claims_known,activity_frequency_gradual,0.9,weight_voidage,2.670101821422577e-05,13,ok
claims,claims_known,activity_gradual,0.1,aligned_duration_cache,0.0226619997993111,1,ok
claims,claims_known,activity_gradual,0.1,alignment_coverage_pn2_lower,0.001174398697912656,13,ok
claims,claims_known,activity_gradual,0.1,alignment_coverage_pn2_upper,0.0007287003099917714,13,ok
claims,claims_known,activity_gradual,0.1,classical,0.0813559000380337,1,ok
claims,claims_known,activity_gradual,0.1,dv,8.56617259979248,1,ok
claims,claims_known,activity_gradual,0.1,executions_cache,8.800067007541656e-06,1,ok
claims,claims_known,activity_gradual,0.1,matchprob,4.400499165058136e-06,13,ok
claims,claims_known,activity_gradual,0.1,mean_leaf_skipprob,5.300156772136688e-06,1,ok
claims,claims_known,activity_gradual,0.1,salign_coverage,0.0011788005940615242,13,ok
claims,claims_known,activity_gradual,0.1,skipprob,4.500150680541992e-06,13,ok
claims,claims_known,activity_gradual,0.1,traces,0.0226449002511799,1,ok
claims,claims_known,activity_gradual,0.1,voidmass_deficit_lower,1.0198913514614105e-05,13,ok
claims,claims_known,activity_gradual,0.1,voidmass_deficit_upper,4.698988050222397e-06,13,ok
claims,claims_known,activity_gradual,0.1,voidmass_movecount,4.70038503408432e-06,13,ok
claims,claims_known,activity_gradual,0.1,voidmass_movecount_bound,3.6996789276599884e-06,13,ok
claims,claims_known,activity_gradual,0.1,voidmass_process_lower,4.400033503770828e-06,13,ok
claims,claims_known,activity_gradual,0.1,voidmass_process_upper,4.200264811515808e-06,13,ok
claims,claims_known,activity_gradual,0.1,voidsalign3,0.0007918998599052122,13,ok
claims,claims_known,activity_gradual,0.1,voidsat2,0.004999001044779482,13,ok
claims,claims_known,activity_gradual,0.1,weight_voidage,2.539902925491333e-05,13,ok
claims,claims_known,activity_gradual,0.2,aligned_duration_cache,0.0228241998702287,1,ok
claims,claims_known,activity_gradual,0.2,alignment_coverage_pn2_lower,0.034224000759422696,13,ok
claims,claims_known,activity_gradual,0.2,alignment_coverage_pn2_upper,0.0006898003630339476,13,ok
claims,claims_known,activity_gradual,0.2,classical,0.0712053002789616,1,ok
claims,claims_known,activity_gradual,0.2,dv,8.74413640005514,1,ok
claims,claims_known,activity_gradual,0.2,executions_cache,8.100178092718124e-06,1,ok
claims,claims_known,activity_gradual,0.2,matchprob,4.90015372633934e-06,13,ok
claims,claims_known,activity_gradual,0.2,mean_leaf_skipprob,2.4996697902679443e-06,1,ok
claims,claims_known,activity_gradual,0.2,salign_coverage,0.001036899629980309,13,ok
claims,claims_known,activity_gradual,0.2,skipprob,4.698988050222397e-06,13,ok
claims,claims_known,activity_gradual,0.2,traces,0.0228075003251433,1,ok
claims,claims_known,activity_gradual,0.2,voidmass_deficit_lower,8.800532668828964e-06,13,ok
claims,claims_known,activity_gradual,0.2,voidmass_deficit_upper,4.902016371488571e-06,13,ok
claims,claims_known,activity_gradual,0.2,voidmass_movecount,3.80026176571846e-06,13,ok
claims,claims_known,activity_gradual,0.2,voidmass_movecount_bound,4.000496119260788e-06,13,ok
claims,claims_known,activity_gradual,0.2,voidmass_process_lower,4.500150680541992e-06,13,ok
claims,claims_known,activity_gradual,0.2,voidmass_process_upper,3.7997961044311523e-06,13,ok
claims,claims_known,activity_gradual,0.2,voidsalign3,0.0006625996902584685,13,ok
claims,claims_known,activity_gradual,0.2,voidsat2,0.004568300209938949,13,ok
claims,claims_known,activity_gradual,0.2,weight_voidage,2.71000899374485e-05,13,ok
claims,claims_known,activity_gradual,0.3,aligned_duration_cache,0.0227151000872254,1,ok
claims,claims_known,activity_gradual,0.3,alignment_coverage_pn2_lower,0.0009728004224597903,13,ok
claims,claims_known,activity_gradual,0.3,alignment_coverage_pn2_upper,0.0005835010670124839,13,ok
claims,claims_known,activity_gradual,0.3,classical,0.0794580997899174,1,ok
claims,claims_known,activity_gradual,0.3,dv,7.938449100125581,1,ok
claims,claims_known,activity_gradual,0.3,executions_cache,8.299946784973145e-06,1,ok
claims,claims_known,activity_gradual,0.3,matchprob,4.499219357967377e-06,13,ok
claims,claims_known,activity_gradual,0.3,mean_leaf_skipprob,3.3997930586338043e-06,1,ok
claims,claims_known,activity_gradual,0.3,salign_coverage,0.0009798002429305982,13,ok
claims,claims_known,activity_gradual,0.3,skipprob,4.400033503770828e-06,13,ok
claims,claims_known,activity_gradual,0.3,traces,0.0226934999227523,1,ok
claims,claims_known,activity_gradual,0.3,voidmass_deficit_lower,9.799376130104065e-06,13,ok
claims,claims_known,activity_gradual,0.3,voidmass_deficit_upper,4.899222403764725e-06,13,ok
claims,claims_known,activity_gradual,0.3,voidmass_movecount,4.699453711509705e-06,13,ok
claims,claims_known,activity_gradual,0.3,voidmass_movecount_bound,4.599336534738541e-06,13,ok
claims,claims_known,activity_gradual,0.3,voidmass_process_lower,5.100388079881668e-06,13,ok
claims,claims_known,activity_gradual,0.3,voidmass_process_upper,4.299916326999664e-06,13,ok
claims,claims_known,activity_gradual,0.3,voidsalign3,0.000613699667155684,13,ok
claims,claims_known,activity_gradual,0.3,voidsat2,0.004021899309008903,13,ok
claims,claims_known,activity_gradual,0.3,weight_voidage,2.3999717086553574e-05,13,ok
claims,claims_known,activity_gradual,0.4,aligned_duration_cache,0.0227858996950089,1,ok
claims,claims_known,activity_gradual,0.4,alignment_coverage_pn2_lower,0.001164900138974083,13,ok
claims,claims_known,activity_gradual,0.4,alignment_coverage_pn2_upper,0.0006663999520241457,13,ok
claims,claims_known,activity_gradual,0.4,classical,0.0735077997669577,1,ok
claims,claims_known,activity_gradual,0.4,dv,8.795293000061065,1,ok
claims,claims_known,activity_gradual,0.4,executions_cache,8.600298315286636e-06,1,ok
claims,claims_known,activity_gradual,0.4,matchprob,4.300381988286972e-06,13,ok
claims,claims_known,activity_gradual,0.4,mean_leaf_skipprob,2.9001384973526e-06,1,ok
claims,claims_known,activity_gradual,0.4,salign_coverage,0.0011359998024998504,13,ok
claims,claims_known,activity_gradual,0.4,skipprob,4.501082003116608e-06,13,ok
claims,claims_known,activity_gradual,0.4,traces,0.0227665002457797,1,ok
claims,claims_known,activity_gradual,0.4,voidmass_deficit_lower,9.799376130104065e-06,13,ok
claims,claims_known,activity_gradual,0.4,voidmass_deficit_upper,4.400033503770828e-06,13,ok
claims,claims_known,activity_gradual,0.4,voidmass_movecount,4.299916326999664e-06,13,ok
claims,claims_known,activity_gradual,0.4,voidmass_movecount_bound,4.500150680541992e-06,13,ok
claims,claims_known,activity_gradual,0.4,voidmass_process_lower,4.801899194717407e-06,13,ok
claims,claims_known,activity_gradual,0.4,voidmass_process_upper,4.8996880650520325e-06,13,ok
claims,claims_known,activity_gradual,0.4,voidsalign3,0.0007045012898741756,13,ok
claims,claims_known,activity_gradual,0.4,voidsat2,0.0041415998712179105,13,ok
claims,claims_known,activity_gradual,0.4,weight_voidage,2.450123429298401e-05,13,ok
claims,claims_known,activity_gradual,0.5,aligned_duration_cache,0.0229826997965574,1,ok
claims,claims_known,activity_gradual,0.5,alignment_coverage_pn2_lower,0.002171601168810955,13,ok
claims,claims_known,activity_gradual,0.5,alignment_coverage_pn2_upper,0.001153298653661956,13,ok
claims,claims_known,activity_gradual,0.5,classical,0.1429655998945236,1,ok
claims,claims_known,activity_gradual,0.5,dv,7.655229799915105,1,ok
claims,claims_known,activity_gradual,0.5,executions_cache,8.300412446260452e-06,1,ok
claims,claims_known,activity_gradual,0.5,matchprob,4.1997991502285e-06,13,ok
claims,claims_known,activity_gradual,0.5,mean_leaf_skipprob,3.4999102354049683e-06,1,ok
claims,claims_known,activity_gradual,0.5,salign_coverage,0.002876501064747357,13,ok
claims,claims_known,activity_gradual,0.5,skipprob,4.599802196025848e-06,13,ok
claims,claims_known,activity_gradual,0.5,traces,0.022968600038439,1,ok
claims,claims_known,activity_gradual,0.5,voidmass_deficit_lower,7.800757884979248e-06,13,ok
claims,claims_known,activity_gradual,0.5,voidmass_deficit_upper,4.90015372633934e-06,13,ok
claims,claims_known,activity_gradual,0.5,voidmass_movecount,4.400033503770828e-06,13,ok
claims,claims_known,activity_gradual,0.5,voidmass_movecount_bound,4.400964826345444e-06,13,ok
claims,claims_known,activity_gradual,0.5,voidmass_process_lower,4.501082003116608e-06,13,ok
claims,claims_known,activity_gradual,0.5,voidmass_process_upper,3.999099135398865e-06,13,ok
claims,claims_known,activity_gradual,0.5,voidsalign3,0.0008976999670265939,13,ok
claims,claims_known,activity_gradual,0.5,voidsat2,0.0051583992317314215,13,ok
claims,claims_known,activity_gradual,0.5,weight_voidage,2.7200207114219666e-05,13,ok
claims,claims_known,activity_gradual,0.6,aligned_duration_cache,0.0239773001521825,1,ok
claims,claims_known,activity_gradual,0.6,alignment_coverage_pn2_lower,0.002762299496680136,13,ok
claims,claims_known,activity_gradual,0.6,alignment_coverage_pn2_upper,0.0014119995757933793,13,ok
claims,claims_known,activity_gradual,0.6,classical,0.2767961998470127,1,ok
claims,claims_known,activity_gradual,0.6,dv,7.920533900149167,1,ok
claims,claims_known,activity_gradual,0.6,executions_cache,9.300187230110168e-06,1,ok
claims,claims_known,activity_gradual,0.6,matchprob,4.4996850192546844e-06,13,ok
claims,claims_known,activity_gradual,0.6,mean_leaf_skipprob,3.4999102354049683e-06,1,ok
claims,claims_known,activity_gradual,0.6,salign_coverage,0.0019473005086180254,13,ok
claims,claims_known,activity_gradual,0.6,skipprob,4.4996850192546844e-06,13,ok
claims,claims_known,activity_gradual,0.6,traces,0.0239574997685849,1,ok
claims,claims_known,activity_gradual,0.6,voidmass_deficit_lower,1.0200310498476028e-05,13,ok
claims,claims_known,activity_gradual,0.6,voidmass_deficit_upper,4.998873919248581e-06,13,ok
claims,claims_known,activity_gradual,0.6,voidmass_movecount,4.7995708882808685e-06,13,ok
claims,claims_known,activity_gradual,0.6,voidmass_movecount_bound,4.1997991502285e-06,13,ok
claims,claims_known,activity_gradual,0.6,voidmass_process_lower,4.7995708882808685e-06,13,ok
claims,claims_known,activity_gradual,0.6,voidmass_process_upper,4.90015372633934e-06,13,ok
claims,claims_known,activity_gradual,0.6,voidsalign3,0.0010849009267984513,13,ok
claims,claims_known,activity_gradual,0.6,voidsat2,0.004115000832825446,13,ok
claims,claims_known,activity_gradual,0.6,weight_voidage,2.6699155569076538e-05,13,ok
claims,claims_known,activity_gradual,0.7,aligned_duration_cache,0.0215735002420842,1,ok
claims,claims_known,activity_gradual,0.7,alignment_coverage_pn2_lower,0.000708400737494209,13,ok
claims,claims_known,activity_gradual,0.7,alignment_coverage_pn2_upper,0.00032949820160865784,13,ok
claims,claims_known,activity_gradual,0.7,classical,0.0526297003962099,1,ok
claims,claims_known,activity_gradual,0.7,dv,6.533011700026691,1,ok
claims,claims_known,activity_gradual,0.7,executions_cache,8.299946784973145e-06,1,ok
claims,claims_known,activity_gradual,0.7,matchprob,4.600733518600464e-06,13,ok
claims,claims_known,activity_gradual,0.7,mean_leaf_skipprob,2.9997900128364563e-06,1,ok
claims,claims_known,activity_gradual,0.7,salign_coverage,0.0004906002432107247,13,ok
claims,claims_known,activity_gradual,0.7,skipprob,4.400033503770828e-06,13,ok
claims,claims_known,activity_gradual,0.7,traces,0.0215553003363311,1,ok
claims,claims_known,activity_gradual,0.7,voidmass_deficit_lower,9.499955922365189e-06,13,ok
claims,claims_known,activity_gradual,0.7,voidmass_deficit_upper,4.498288035392761e-06,13,ok
claims,claims_known,activity_gradual,0.7,voidmass_movecount,4.599336534738541e-06,13,ok
claims,claims_known,activity_gradual,0.7,voidmass_movecount_bound,4.4996850192546844e-06,13,ok
claims,claims_known,activity_gradual,0.7,voidmass_process_lower,4.699453711509705e-06,13,ok
claims,claims_known,activity_gradual,0.7,voidmass_process_upper,4.499219357967377e-06,13,ok
claims,claims_known,activity_gradual,0.7,voidsalign3,0.0002582008019089699,13,ok
claims,claims_known,activity_gradual,0.7,voidsat2,0.0018332004547116712,13,ok
claims,claims_known,activity_gradual,0.7,weight_voidage,2.4399254471063614e-05,13,ok
claims,claims_known,activity_gradual,0.8,aligned_duration_cache,0.0142125999554991,1,ok
claims,claims_known,activity_gradual,0.8,alignment_coverage_pn2_lower,0.0001614992506802082,13,ok
claims,claims_known,activity_gradual,0.8,alignment_coverage_pn2_upper,6.7099928855896e-05,13,ok
claims,claims_known,activity_gradual,0.8,classical,0.0143013000488281,1,ok
claims,claims_known,activity_gradual,0.8,dv,5.778444999828935,1,ok
claims,claims_known,activity_gradual,0.8,executions_cache,7.799826562404633e-06,1,ok
claims,claims_known,activity_gradual,0.8,matchprob,3.8994476199150085e-06,13,ok
claims,claims_known,activity_gradual,0.8,mean_leaf_skipprob,3.4999102354049683e-06,1,ok
claims,claims_known,activity_gradual,0.8,salign_coverage,0.00010700058192014694,13,ok
claims,claims_known,activity_gradual,0.8,skipprob,3.899913281202316e-06,13,ok
claims,claims_known,activity_gradual,0.8,traces,0.0141965998336672,1,ok
claims,claims_known,activity_gradual,0.8,voidmass_deficit_lower,8.19982960820198e-06,13,ok
claims,claims_known,activity_gradual,0.8,voidmass_deficit_upper,4.100613296031952e-06,13,ok
claims,claims_known,activity_gradual,0.8,voidmass_movecount,3.6996789276599884e-06,13,ok
claims,claims_known,activity_gradual,0.8,voidmass_movecount_bound,3.6996789276599884e-06,13,ok
claims,claims_known,activity_gradual,0.8,voidmass_process_lower,4.800967872142792e-06,13,ok
claims,claims_known,activity_gradual,0.8,voidmass_process_upper,4.198867827653885e-06,13,ok
claims,claims_known,activity_gradual,0.8,voidsalign3,5.9398822486400604e-05,13,ok
claims,claims_known,activity_gradual,0.8,voidsat2,0.0007036998867986768,13,ok
claims,claims_known,activity_gradual,0.8,weight_voidage,2.2600404918193817e-05,13,ok
claims,claims_known,activity_gradual,0.9,aligned_duration_cache,0.0010139998048543,1,ok
claims,claims_known,activity_gradual,0.9,alignment_coverage_pn2_lower,8.88993963599205e-05,13,ok
claims,claims_known,activity_gradual,0.9,alignment_coverage_pn2_upper,3.520119935274124e-05,13,ok
claims,claims_known,activity_gradual,0.9,classical,0.0061520002782344,1,ok
claims,claims_known,activity_gradual,0.9,dv,5.8510443000122905,1,ok
claims,claims_known,activity_gradual,0.9,executions_cache,9.499955922365189e-06,1,ok
claims,claims_known,activity_gradual,0.9,matchprob,4.998873919248581e-06,13,ok
claims,claims_known,activity_gradual,0.9,mean_leaf_skipprob,3.300141543149948e-06,1,ok
claims,claims_known,activity_gradual,0.9,salign_coverage,5.8700330555438995e-05,13,ok
claims,claims_known,activity_gradual,0.9,skipprob,3.459956496953964e-05,13,ok
claims,claims_known,activity_gradual,0.9,traces,0.0010005002841353,1,ok
claims,claims_known,activity_gradual,0.9,voidmass_deficit_lower,8.399598300457e-06,13,ok
claims,claims_known,activity_gradual,0.9,voidmass_deficit_upper,4.601199179887772e-06,13,ok
claims,claims_known,activity_gradual,0.9,voidmass_movecount,4.499219357967377e-06,13,ok
claims,claims_known,activity_gradual,0.9,voidmass_movecount_bound,4.00003045797348e-06,13,ok
claims,claims_known,activity_gradual,0.9,voidmass_process_lower,4.70038503408432e-06,13,ok
claims,claims_known,activity_gradual,0.9,voidmass_process_upper,3.999099135398865e-06,13,ok
claims,claims_known,activity_gradual,0.9,voidsalign3,2.9599759727716446e-05,13,ok
claims,claims_known,activity_gradual,0.9,voidsat2,4.71002422273159e-05,13,ok
claims,claims_known,activity_gradual,0.9,weight_voidage,2.1400395780801773e-05,13,ok
claims,claims_known,appeal_seq,0.1,aligned_duration_cache,0.023529200349003,1,ok
claims,claims_known,appeal_seq,0.1,alignment_coverage_pn2_lower,0.0010863998904824216,13,ok
claims,claims_known,appeal_seq,0.1,alignment_coverage_pn2_upper,0.0006991997361182589,13,ok
claims,claims_known,appeal_seq,0.1,classical,0.1090409001335501,1,ok
claims,claims_known,appeal_seq,0.1,dv,7.578022299800068,1,ok
claims,claims_known,appeal_seq,0.1,executions_cache,8.699949830770493e-06,1,ok
claims,claims_known,appeal_seq,0.1,matchprob,4.400033503770828e-06,13,ok
claims,claims_known,appeal_seq,0.1,mean_leaf_skipprob,2.7995556592941284e-06,1,ok
claims,claims_known,appeal_seq,0.1,salign_coverage,0.0010932986624538044,13,ok
claims,claims_known,appeal_seq,0.1,skipprob,4.3013133108615875e-06,13,ok
claims,claims_known,appeal_seq,0.1,traces,0.0235158000141382,1,ok
claims,claims_known,appeal_seq,0.1,voidmass_deficit_lower,8.598901331424713e-06,13,ok
claims,claims_known,appeal_seq,0.1,voidmass_deficit_upper,4.999339580535889e-06,13,ok
claims,claims_known,appeal_seq,0.1,voidmass_movecount,4.598870873451233e-06,13,ok
claims,claims_known,appeal_seq,0.1,voidmass_movecount_bound,4.8996880650520325e-06,13,ok
claims,claims_known,appeal_seq,0.1,voidmass_process_lower,5.00120222568512e-06,13,ok
claims,claims_known,appeal_seq,0.1,voidmass_process_upper,4.500150680541992e-06,13,ok
claims,claims_known,appeal_seq,0.1,voidsalign3,0.0006995000876485958,13,ok
claims,claims_known,appeal_seq,0.1,voidsat2,0.004819799680262248,13,ok
claims,claims_known,appeal_seq,0.1,weight_voidage,2.510054036974907e-05,13,ok
claims,claims_known,appeal_seq,0.2,aligned_duration_cache,0.0237648002803325,1,ok
claims,claims_known,appeal_seq,0.2,alignment_coverage_pn2_lower,0.0010688002221286102,13,ok
claims,claims_known,appeal_seq,0.2,alignment_coverage_pn2_upper,0.0006284997798501495,13,ok
claims,claims_known,appeal_seq,0.2,classical,0.1069077998399734,1,ok
claims,claims_known,appeal_seq,0.2,dv,7.520560699980706,1,ok
claims,claims_known,appeal_seq,0.2,executions_cache,8.00006091594696e-06,1,ok
claims,claims_known,appeal_seq,0.2,matchprob,4.400033503770828e-06,13,ok
claims,claims_known,appeal_seq,0.2,mean_leaf_skipprob,2.8996728360652924e-06,1,ok
claims,claims_known,appeal_seq,0.2,salign_coverage,0.00102350022643801,13,ok
claims,claims_known,appeal_seq,0.2,skipprob,4.800502210855484e-06,13,ok
claims,claims_known,appeal_seq,0.2,traces,0.0237499997019767,1,ok
claims,claims_known,appeal_seq,0.2,voidmass_deficit_lower,1.0999850928783417e-05,13,ok
claims,claims_known,appeal_seq,0.2,voidmass_deficit_upper,5.100388079881668e-06,13,ok
claims,claims_known,appeal_seq,0.2,voidmass_movecount,4.1997991502285e-06,13,ok
claims,claims_known,appeal_seq,0.2,voidmass_movecount_bound,4.600267857313156e-06,13,ok
claims,claims_known,appeal_seq,0.2,voidmass_process_lower,5.3998082876205444e-06,13,ok
claims,claims_known,appeal_seq,0.2,voidmass_process_upper,4.2994506657123566e-06,13,ok
claims,claims_known,appeal_seq,0.2,voidsalign3,0.0006664008833467325,13,ok
claims,claims_known,appeal_seq,0.2,voidsat2,0.004707599990069419,13,ok
claims,claims_known,appeal_seq,0.2,weight_voidage,2.440018579363823e-05,13,ok
claims,claims_known,appeal_seq,0.3,aligned_duration_cache,0.0235808002762496,1,ok
claims,claims_known,appeal_seq,0.3,alignment_coverage_pn2_lower,0.0010597002692519712,13,ok
claims,claims_known,appeal_seq,0.3,alignment_coverage_pn2_upper,0.000612598378211167,13,ok
claims,claims_known,appeal_seq,0.3,classical,0.0994218001142144,1,ok
claims,claims_known,appeal_seq,0.3,dv,7.493979400023818,1,ok
claims,claims_known,appeal_seq,0.3,executions_cache,7.899943739175797e-06,1,ok
claims,claims_known,appeal_seq,0.3,matchprob,4.899222403764725e-06,13,ok
claims,claims_known,appeal_seq,0.3,mean_leaf_skipprob,3.200024366378784e-06,1,ok
claims,claims_known,appeal_seq,0.3,salign_coverage,0.0010844008065759338,13,ok
claims,claims_known,appeal_seq,0.3,skipprob,4.30084764957428e-06,13,ok
claims,claims_known,appeal_seq,0.3,traces,0.0235643000341951,1,ok
claims,claims_known,appeal_seq,0.3,voidmass_deficit_lower,1.0301358997821808e-05,13,ok
claims,claims_known,appeal_seq,0.3,voidmass_deficit_upper,5.700159817934036e-06,13,ok
claims,claims_known,appeal_seq,0.3,voidmass_movecount,4.500150680541992e-06,13,ok
claims,claims_known,appeal_seq,0.3,voidmass_movecount_bound,4.998873919248581e-06,13,ok
claims,claims_known,appeal_seq,0.3,voidmass_process_lower,4.599336534738541e-06,13,ok
claims,claims_known,appeal_seq,0.3,voidmass_process_upper,5.199108272790909e-06,13,ok
claims,claims_known,appeal_seq,0.3,voidsalign3,0.0006574993021785442,13,ok
claims,claims_known,appeal_seq,0.3,voidsat2,0.004907600115983984,13,ok
claims,claims_known,appeal_seq,0.3,weight_voidage,2.6399735361337662e-05,13,ok
claims,claims_known,appeal_seq,0.4,aligned_duration_cache,0.0240447996184229,1,ok
claims,claims_known,appeal_seq,0.4,alignment_coverage_pn2_lower,0.000998000148683782,13,ok
claims,claims_known,appeal_seq,0.4,alignment_coverage_pn2_upper,0.0006249998696148124,13,ok
claims,claims_known,appeal_seq,0.4,classical,0.1087117996066808,1,ok
claims,claims_known,appeal_seq,0.4,dv,7.694416499696672,1,ok
claims,claims_known,appeal_seq,0.4,executions_cache,8.00006091594696e-06,1,ok
claims,claims_known,appeal_seq,0.4,matchprob,4.298985004425049e-06,13,ok
claims,claims_known,appeal_seq,0.4,mean_leaf_skipprob,2.9997900128364563e-06,1,ok
claims,claims_known,appeal_seq,0.4,salign_coverage,0.0009961985051631737,13,ok
claims,claims_known,appeal_seq,0.4,skipprob,4.599802196025848e-06,13,ok
claims,claims_known,appeal_seq,0.4,traces,0.0240287003107368,1,ok
claims,claims_known,appeal_seq,0.4,voidmass_deficit_lower,1.0598450899124146e-05,13,ok
claims,claims_known,appeal_seq,0.4,voidmass_deficit_upper,4.7995708882808685e-06,13,ok
claims,claims_known,appeal_seq,0.4,voidmass_movecount,4.500150680541992e-06,13,ok
claims,claims_known,appeal_seq,0.4,voidmass_movecount_bound,4.400964826345444e-06,13,ok
claims,claims_known,appeal_seq,0.4,voidmass_process_lower,4.599336534738541e-06,13,ok
claims,claims_known,appeal_seq,0.4,voidmass_process_upper,4.299916326999664e-06,13,ok
claims,claims_known,appeal_seq,0.4,voidsalign3,0.0006534000858664265,13,ok
claims,claims_known,appeal_seq,0.4,voidsat2,0.004608799237757438,13,ok
claims,claims_known,appeal_seq,0.4,weight_voidage,2.4299602955579758e-05,13,ok
claims,claims_known,appeal_seq,0.5,aligned_duration_cache,0.0227512000128626,1,ok
claims,claims_known,appeal_seq,0.5,alignment_coverage_pn2_lower,0.0010079001076518553,13,ok
claims,claims_known,appeal_seq,0.5,alignment_coverage_pn2_upper,0.0006255009211599053,13,ok
claims,claims_known,appeal_seq,0.5,classical,0.1328913001343608,1,ok
claims,claims_known,appeal_seq,0.5,dv,7.528581399936229,1,ok
claims,claims_known,appeal_seq,0.5,executions_cache,8.800067007541656e-06,1,ok
claims,claims_known,appeal_seq,0.5,matchprob,3.900378942489624e-06,13,ok
claims,claims_known,appeal_seq,0.5,mean_leaf_skipprob,3.3997930586338043e-06,1,ok
claims,claims_known,appeal_seq,0.5,salign_coverage,0.0010204003192483453,13,ok
claims,claims_known,appeal_seq,0.5,skipprob,4.801899194717407e-06,13,ok
claims,claims_known,appeal_seq,0.5,traces,0.0227377000264823,1,ok
claims,claims_known,appeal_seq,0.5,voidmass_deficit_lower,1.1400319635868073e-05,13,ok
claims,claims_known,appeal_seq,0.5,voidmass_deficit_upper,4.499219357967377e-06,13,ok
claims,claims_known,appeal_seq,0.5,voidmass_movecount,5.200039595365524e-06,13,ok
claims,claims_known,appeal_seq,0.5,voidmass_movecount_bound,5.2996911108493805e-06,13,ok
claims,claims_known,appeal_seq,0.5,voidmass_process_lower,5.300622433423996e-06,13,ok
claims,claims_known,appeal_seq,0.5,voidmass_process_upper,5.09992241859436e-06,13,ok
claims,claims_known,appeal_seq,0.5,voidsalign3,0.0006570001132785716,13,ok
claims,claims_known,appeal_seq,0.5,voidsat2,0.004574599675833614,13,ok
claims,claims_known,appeal_seq,0.5,weight_voidage,2.809939906001091e-05,13,ok
claims,claims_known,appeal_seq,0.6,aligned_duration_cache,0.0225603999570012,1,ok
claims,claims_known,appeal_seq,0.6,alignment_coverage_pn2_lower,0.000977299641817803,13,ok
claims,claims_known,appeal_seq,0.6,alignment_coverage_pn2_upper,0.000612000469118319,13,ok
claims,claims_known,appeal_seq,0.6,classical,0.0977344000712037,1,ok
claims,claims_known,appeal_seq,0.6,dv,7.427095199935138,1,ok
claims,claims_known,appeal_seq,0.6,executions_cache,1.619989052414894e-05,1,ok
claims,claims_known,appeal_seq,0.6,matchprob,4.100613296031952e-06,13,ok
claims,claims_known,appeal_seq,0.6,mean_leaf_skipprob,2.800021320581436e-06,1,ok
claims,claims_known,appeal_seq,0.6,salign_coverage,0.0009936997666954463,13,ok
claims,claims_known,appeal_seq,0.6,skipprob,4.400499165058136e-06,13,ok
claims,claims_known,appeal_seq,0.6,traces,0.0225443998351693,1,ok
claims,claims_known,appeal_seq,0.6,voidmass_deficit_lower,9.399838745594025e-06,13,ok
claims,claims_known,appeal_seq,0.6,voidmass_deficit_upper,4.799105226993561e-06,13,ok
claims,claims_known,appeal_seq,0.6,voidmass_movecount,3.6992132663726807e-06,13,ok
claims,claims_known,appeal_seq,0.6,voidmass_movecount_bound,3.5995617508888245e-06,13,ok
claims,claims_known,appeal_seq,0.6,voidmass_process_lower,4.200730472803116e-06,13,ok
claims,claims_known,appeal_seq,0.6,voidmass_process_upper,4.501082003116608e-06,13,ok
claims,claims_known,appeal_seq,0.6,voidsalign3,0.00064940098673097,13,ok
claims,claims_known,appeal_seq,0.6,voidsat2,0.004551200661807551,13,ok
claims,claims_known,appeal_seq,0.6,weight_voidage,2.459995448589325e-05,13,ok
claims,claims_known,appeal_seq,0.7,aligned_duration_cache,0.0225368002429604,1,ok
claims,claims_known,appeal_seq,0.7,alignment_coverage_pn2_lower,0.0009567989036439864,13,ok
claims,claims_known,appeal_seq,0.7,alignment_coverage_pn2_upper,0.0005770986899732983,13,ok
claims,claims_known,appeal_seq,0.7,classical,0.0965069998055696,1,ok
claims,claims_known,appeal_seq,0.7,dv,7.463824199978262,1,ok
claims,claims_known,appeal_seq,0.7,executions_cache,8.800067007541656e-06,1,ok
claims,claims_known,appeal_seq,0.7,matchprob,4.5006163418293e-06,13,ok
claims,claims_known,appeal_seq,0.7,mean_leaf_skipprob,3.000255674123764e-06,1,ok
claims,claims_known,appeal_seq,0.7,salign_coverage,0.0009587998501955856,13,ok
claims,claims_known,appeal_seq,0.7,skipprob,4.600267857313156e-06,13,ok
claims,claims_known,appeal_seq,0.7,traces,0.0225212997756898,1,ok
claims,claims_known,appeal_seq,0.7,voidmass_deficit_lower,1.0600779205560684e-05,13,ok
claims,claims_known,appeal_seq,0.7,voidmass_deficit_upper,5.899462848901749e-06,13,ok
claims,claims_known,appeal_seq,0.7,voidmass_movecount,5.099456757307053e-06,13,ok
claims,claims_known,appeal_seq,0.7,voidmass_movecount_bound,5.2996911108493805e-06,13,ok
claims,claims_known,appeal_seq,0.7,voidmass_process_lower,5.499459803104401e-06,13,ok
claims,claims_known,appeal_seq,0.7,voidmass_process_upper,5.500856786966324e-06,13,ok
claims,claims_known,appeal_seq,0.7,voidsalign3,0.0006408002227543984,13,ok
claims,claims_known,appeal_seq,0.7,voidsat2,0.004606400616466461,13,ok
claims,claims_known,appeal_seq,0.7,weight_voidage,2.650078386068344e-05,13,ok
claims,claims_known,appeal_seq,0.8,aligned_duration_cache,0.0227965000085532,1,ok
claims,claims_known,appeal_seq,0.8,alignment_coverage_pn2_lower,0.0008955998346209267,13,ok
claims,claims_known,appeal_seq,0.8,alignment_coverage_pn2_upper,0.0005646003410219998,13,ok
claims,claims_known,appeal_seq,0.8,classical,0.0966408001258969,1,ok
claims,claims_known,appeal_seq,0.8,dv,7.419838699977845,1,ok
claims,claims_known,appeal_seq,0.8,executions_cache,7.700175046920776e-06,1,ok
claims,claims_known,appeal_seq,0.8,matchprob,4.30084764957428e-06,13,ok
claims,claims_known,appeal_seq,0.8,mean_leaf_skipprob,3.09990718960762e-06,1,ok
claims,claims_known,appeal_seq,0.8,salign_coverage,0.000905300024896817,13,ok
claims,claims_known,appeal_seq,0.8,skipprob,4.000961780548096e-06,13,ok
claims,claims_known,appeal_seq,0.8,traces,0.0227810000069439,1,ok
claims,claims_known,appeal_seq,0.8,voidmass_deficit_lower,9.200070053339005e-06,13,ok
claims,claims_known,appeal_seq,0.8,voidmass_deficit_upper,4.7995708882808685e-06,13,ok
claims,claims_known,appeal_seq,0.8,voidmass_movecount,4.799105226993561e-06,13,ok
claims,claims_known,appeal_seq,0.8,voidmass_movecount_bound,4.1997991502285e-06,13,ok
claims,claims_known,appeal_seq,0.8,voidmass_process_lower,4.101544618606567e-06,13,ok
claims,claims_known,appeal_seq,0.8,voidmass_process_upper,4.100147634744644e-06,13,ok
claims,claims_known,appeal_seq,0.8,voidsalign3,0.0005998993292450603,13,ok
claims,claims_known,appeal_seq,0.8,voidsat2,0.004410800058394067,13,ok
claims,claims_known,appeal_seq,0.8,weight_voidage,2.4200882762670517e-05,13,ok
claims,claims_known,appeal_seq,0.9,aligned_duration_cache,0.0223707002587616,1,ok
claims,claims_known,appeal_seq,0.9,alignment_coverage_pn2_lower,0.0008813007734714988,13,ok
claims,claims_known,appeal_seq,0.9,alignment_coverage_pn2_upper,0.0005350997671484695,13,ok
claims,claims_known,appeal_seq,0.9,classical,0.0891237999312579,1,ok
claims,claims_known,appeal_seq,0.9,dv,7.352294399868697,1,ok
claims,claims_known,appeal_seq,0.9,executions_cache,8.499715477228165e-06,1,ok
claims,claims_known,appeal_seq,0.9,matchprob,4.599802196025848e-06,13,ok
claims,claims_known,appeal_seq,0.9,mean_leaf_skipprob,3.100372850894928e-06,1,ok
claims,claims_known,appeal_seq,0.9,salign_coverage,0.034220000263303414,13,ok
claims,claims_known,appeal_seq,0.9,skipprob,5.000270903110504e-06,13,ok
claims,claims_known,appeal_seq,0.9,traces,0.0223565003834664,1,ok
claims,claims_known,appeal_seq,0.9,voidmass_deficit_lower,1.1100433766841888e-05,13,ok
claims,claims_known,appeal_seq,0.9,voidmass_deficit_upper,4.398170858621597e-06,13,ok
claims,claims_known,appeal_seq,0.9,voidmass_movecount,5.09992241859436e-06,13,ok
claims,claims_known,appeal_seq,0.9,voidmass_movecount_bound,4.600267857313156e-06,13,ok
claims,claims_known,appeal_seq,0.9,voidmass_process_lower,4.698988050222397e-06,13,ok
claims,claims_known,appeal_seq,0.9,voidmass_process_upper,3.400258719921112e-06,13,ok
claims,claims_known,appeal_seq,0.9,voidsalign3,0.0005914992652833212,13,ok
claims,claims_known,appeal_seq,0.9,voidsat2,0.00445760088041363,13,ok
claims,claims_known,appeal_seq,0.9,weight_voidage,2.5300774723291397e-05,13,ok
claims,claims_known,loop_block,0.1,aligned_duration_cache,0.0222009997814893,1,ok
claims,claims_known,loop_block,0.1,alignment_coverage_pn2_lower,0.0011701001785695193,13,ok
claims,claims_known,loop_block,0.1,alignment_coverage_pn2_upper,0.0007423004135488941,13,ok
claims,claims_known,loop_block,0.1,classical,0.1251497999764979,1,ok
claims,claims_known,loop_block,0.1,dv,7.408221199642867,1,ok
claims,claims_known,loop_block,0.1,executions_cache,7.799826562404633e-06,1,ok
claims,claims_known,loop_block,0.1,matchprob,4.30084764957428e-06,13,ok
claims,claims_known,loop_block,0.1,mean_leaf_skipprob,2.9997900128364563e-06,1,ok
claims,claims_known,loop_block,0.1,salign_coverage,0.0010669990442692576,13,ok
claims,claims_known,loop_block,0.1,skipprob,4.0996819734573364e-06,13,ok
claims,claims_known,loop_block,0.1,traces,0.0221857000142335,1,ok
claims,claims_known,loop_block,0.1,voidmass_deficit_lower,1.0400544852018356e-05,13,ok
claims,claims_known,loop_block,0.1,voidmass_deficit_upper,4.998873919248581e-06,13,ok
claims,claims_known,loop_block,0.1,voidmass_movecount,4.300381988286972e-06,13,ok
claims,claims_known,loop_block,0.1,voidmass_movecount_bound,4.199333488941193e-06,13,ok
claims,claims_known,loop_block,0.1,voidmass_process_lower,4.70038503408432e-06,13,ok
claims,claims_known,loop_block,0.1,voidmass_process_upper,4.3013133108615875e-06,13,ok
claims,claims_known,loop_block,0.1,voidsalign3,0.0007234006188809346,13,ok
claims,claims_known,loop_block,0.1,voidsat2,0.004706598818301648,13,ok
claims,claims_known,loop_block,0.1,weight_voidage,2.3900531232357025e-05,13,ok
claims,claims_known,loop_block,0.2,aligned_duration_cache,0.022567699663341,1,ok
claims,claims_known,loop_block,0.2,alignment_coverage_pn2_lower,0.001163501292467112,13,ok
claims,claims_known,loop_block,0.2,alignment_coverage_pn2_upper,0.0007230015471576868,13,ok
claims,claims_known,loop_block,0.2,classical,0.108271500095725,1,ok
claims,claims_known,loop_block,0.2,dv,7.440735999960452,1,ok
claims,claims_known,loop_block,0.2,executions_cache,9.399838745594025e-06,1,ok
claims,claims_known,loop_block,0.2,matchprob,4.8996880650520325e-06,13,ok
claims,claims_known,loop_block,0.2,mean_leaf_skipprob,2.9001384973526e-06,1,ok
claims,claims_known,loop_block,0.2,salign_coverage,0.0010711993090807737,13,ok
claims,claims_known,loop_block,0.2,skipprob,4.999805241823196e-06,13,ok
claims,claims_known,loop_block,0.2,traces,0.0225524003617465,1,ok
claims,claims_known,loop_block,0.2,voidmass_deficit_lower,9.099487215280533e-06,13,ok
claims,claims_known,loop_block,0.2,voidmass_deficit_upper,4.699919372797012e-06,13,ok
claims,claims_known,loop_block,0.2,voidmass_movecount,4.999339580535889e-06,13,ok
claims,claims_known,loop_block,0.2,voidmass_movecount_bound,4.400499165058136e-06,13,ok
claims,claims_known,loop_block,0.2,voidmass_process_lower,4.899222403764725e-06,13,ok
claims,claims_known,loop_block,0.2,voidmass_process_upper,4.600733518600464e-06,13,ok
claims,claims_known,loop_block,0.2,voidsalign3,0.0007251999340951106,13,ok
claims,claims_known,loop_block,0.2,voidsat2,0.004639300052075919,13,ok
claims,claims_known,loop_block,0.2,weight_voidage,2.4100299924612045e-05,13,ok
claims,claims_known,loop_block,0.3,aligned_duration_cache,0.0233923001214861,1,ok
claims,claims_known,loop_block,0.3,alignment_coverage_pn2_lower,0.0012272982858121232,13,ok
claims,claims_known,loop_block,0.3,alignment_coverage_pn2_upper,0.0007253997027873336,13,ok
claims,claims_known,loop_block,0.3,classical,0.1155798002146184,1,ok
claims,claims_known,loop_block,0.3,dv,7.449347500223666,1,ok
claims,claims_known,loop_block,0.3,executions_cache,8.899718523025513e-06,1,ok
claims,claims_known,loop_block,0.3,matchprob,3.900844603776932e-06,13,ok
claims,claims_known,loop_block,0.3,mean_leaf_skipprob,3.300141543149948e-06,1,ok
claims,claims_known,loop_block,0.3,salign_coverage,0.0011928011663257317,13,ok
claims,claims_known,loop_block,0.3,skipprob,4.00003045797348e-06,13,ok
claims,claims_known,loop_block,0.3,traces,0.0233720000833272,1,ok
claims,claims_known,loop_block,0.3,voidmass_deficit_lower,1.1301133781671524e-05,13,ok
claims,claims_known,loop_block,0.3,voidmass_deficit_upper,5.799345672130585e-06,13,ok
claims,claims_known,loop_block,0.3,voidmass_movecount,5.3998082876205444e-06,13,ok
claims,claims_known,loop_block,0.3,voidmass_movecount_bound,4.900619387626648e-06,13,ok
claims,claims_known,loop_block,0.3,voidmass_process_lower,5.3998082876205444e-06,13,ok
claims,claims_known,loop_block,0.3,voidmass_process_upper,4.999805241823196e-06,13,ok
claims,claims_known,loop_block,0.3,voidsalign3,0.0007408005185425023,13,ok
claims,claims_known,loop_block,0.3,voidsat2,0.004609100054948664,13,ok
claims,claims_known,loop_block,0.3,weight_voidage,2.6098918169736862e-05,13,ok
claims,claims_known,loop_block,0.4,aligned_duration_cache,0.0222652000375092,1,ok
claims,claims_known,loop_block,0.4,alignment_coverage_pn2_lower,0.0017719008028507079,13,ok
claims,claims_known,loop_block,0.4,alignment_coverage_pn2_upper,0.0007010004483162607,13,ok
claims,claims_known,loop_block,0.4,classical,0.1020931000821292,1,ok
claims,claims_known,loop_block,0.4,dv,7.872207699809223,1,ok
claims,claims_known,loop_block,0.4,executions_cache,8.300412446260452e-06,1,ok
claims,claims_known,loop_block,0.4,matchprob,4.4014304876327515e-06,13,ok
claims,claims_known,loop_block,0.4,mean_leaf_skipprob,3.09990718960762e-06,1,ok
claims,claims_known,loop_block,0.4,salign_coverage,0.0010674004442989553,13,ok
claims,claims_known,loop_block,0.4,skipprob,4.298985004425049e-06,13,ok
claims,claims_known,loop_block,0.4,traces,0.0222505996935069,1,ok
claims,claims_known,loop_block,0.4,voidmass_deficit_lower,9.899958968162537e-06,13,ok
claims,claims_known,loop_block,0.4,voidmass_deficit_upper,5.700625479221344e-06,13,ok
claims,claims_known,loop_block,0.4,voidmass_movecount,4.70038503408432e-06,13,ok
claims,claims_known,loop_block,0.4,voidmass_movecount_bound,4.800502210855484e-06,13,ok
claims,claims_known,loop_block,0.4,voidmass_process_lower,5.09992241859436e-06,13,ok
claims,claims_known,loop_block,0.4,voidmass_process_upper,5.000270903110504e-06,13,ok
claims,claims_known,loop_block,0.4,voidsalign3,0.0006669000722467106,13,ok
claims,claims_known,loop_block,0.4,voidsat2,0.004470900632440351,13,ok
claims,claims_known,loop_block,0.4,weight_voidage,2.529984340071678e-05,13,ok
claims,claims_known,loop_block,0.5,aligned_duration_cache,0.0223786002025008,1,ok
claims,claims_known,loop_block,0.5,alignment_coverage_pn2_lower,0.001148199196904885,13,ok
claims,claims_known,loop_block,0.5,alignment_coverage_pn2_upper,0.0006947997026145149,13,ok
claims,claims_known,loop_block,0.5,classical,0.1297285999171435,1,ok
claims,claims_known,loop_block,0.5,dv,7.508147000335157,1,ok
claims,claims_known,loop_block,0.5,executions_cache,8.19982960820198e-06,1,ok
claims,claims_known,loop_block,0.5,matchprob,3.698747605085373e-06,13,ok
claims,claims_known,loop_block,0.5,mean_leaf_skipprob,2.800021320581436e-06,1,ok
claims,claims_known,loop_block,0.5,salign_coverage,0.0010413988493382488,13,ok
claims,claims_known,loop_block,0.5,skipprob,4.0996819734573364e-06,13,ok
claims,claims_known,loop_block,0.5,traces,0.0223626000806689,1,ok
claims,claims_known,loop_block,0.5,voidmass_deficit_lower,8.899252861738205e-06,13,ok
claims,claims_known,loop_block,0.5,voidmass_deficit_upper,5.499925464391708e-06,13,ok
claims,claims_known,loop_block,0.5,voidmass_movecount,4.900619387626648e-06,13,ok
claims,claims_known,loop_block,0.5,voidmass_movecount_bound,4.901085048913956e-06,13,ok
claims,claims_known,loop_block,0.5,voidmass_process_lower,4.800967872142792e-06,13,ok
claims,claims_known,loop_block,0.5,voidmass_process_upper,4.800502210855484e-06,13,ok
claims,claims_known,loop_block,0.5,voidsalign3,0.0007251990027724547,13,ok
claims,claims_known,loop_block,0.5,voidsat2,0.0043266997672612535,13,ok
claims,claims_known,loop_block,0.5,weight_voidage,2.4699606001377106e-05,13,ok
claims,claims_known,loop_block,0.6,aligned_duration_cache,0.0231331000104546,1,ok
claims,claims_known,loop_block,0.6,alignment_coverage_pn2_lower,0.001273699104785838,13,ok
claims,claims_known,loop_block,0.6,alignment_coverage_pn2_upper,0.0007839007303117919,13,ok
claims,claims_known,loop_block,0.6,classical,0.1015940997749567,1,ok
claims,claims_known,loop_block,0.6,dv,7.564798499923199,1,ok
claims,claims_known,loop_block,0.6,executions_cache,8.19982960820198e-06,1,ok
claims,claims_known,loop_block,0.6,matchprob,5.199108272790909e-06,13,ok
claims,claims_known,loop_block,0.6,mean_leaf_skipprob,3.899913281202316e-06,1,ok
claims,claims_known,loop_block,0.6,salign_coverage,0.0011499002575874164,13,ok
claims,claims_known,loop_block,0.6,skipprob,5.099456757307053e-06,13,ok
claims,claims_known,loop_block,0.6,traces,0.0231097000651061,1,ok
claims,claims_known,loop_block,0.6,voidmass_deficit_lower,1.309998333454132e-05,13,ok
claims,claims_known,loop_block,0.6,voidmass_deficit_upper,6.30086287856102e-06,13,ok
claims,claims_known,loop_block,0.6,voidmass_movecount,5.600042641162872e-06,13,ok
claims,claims_known,loop_block,0.6,voidmass_movecount_bound,6.00004568696022e-06,13,ok
claims,claims_known,loop_block,0.6,voidmass_process_lower,6.498768925666809e-06,13,ok
claims,claims_known,loop_block,0.6,voidmass_process_upper,5.698762834072113e-06,13,ok
claims,claims_known,loop_block,0.6,voidsalign3,0.0007699010893701608,13,ok
claims,claims_known,loop_block,0.6,voidsat2,0.0047660986892872,13,ok
claims,claims_known,loop_block,0.6,weight_voidage,2.8199981898069382e-05,13,ok
claims,claims_known,loop_block,0.7,aligned_duration_cache,0.023242300376296,1,ok
claims,claims_known,loop_block,0.7,alignment_coverage_pn2_lower,0.0012079998850821664,13,ok
claims,claims_known,loop_block,0.7,alignment_coverage_pn2_upper,0.0006526010110973416,13,ok
claims,claims_known,loop_block,0.7,classical,0.0972685003653168,1,ok
claims,claims_known,loop_block,0.7,dv,7.616493599954992,1,ok
claims,claims_known,loop_block,0.7,executions_cache,8.799601346254349e-06,1,ok
claims,claims_known,loop_block,0.7,matchprob,4.500150680541992e-06,13,ok
claims,claims_known,loop_block,0.7,mean_leaf_skipprob,3.000255674123764e-06,1,ok
claims,claims_known,loop_block,0.7,salign_coverage,0.0010647010058164174,13,ok
claims,claims_known,loop_block,0.7,skipprob,4.7995708882808685e-06,13,ok
claims,claims_known,loop_block,0.7,traces,0.0232266001403331,1,ok
claims,claims_known,loop_block,0.7,voidmass_deficit_lower,1.070043072104454e-05,13,ok
claims,claims_known,loop_block,0.7,voidmass_deficit_upper,6.699003279209137e-06,13,ok
claims,claims_known,loop_block,0.7,voidmass_movecount,4.999805241823196e-06,13,ok
claims,claims_known,loop_block,0.7,voidmass_movecount_bound,5.699228495359421e-06,13,ok
claims,claims_known,loop_block,0.7,voidmass_process_lower,5.400273948907852e-06,13,ok
claims,claims_known,loop_block,0.7,voidmass_process_upper,5.399342626333237e-06,13,ok
claims,claims_known,loop_block,0.7,voidsalign3,0.0006524999625980189,13,ok
claims,claims_known,loop_block,0.7,voidsat2,0.004392600152641016,13,ok
claims,claims_known,loop_block,0.7,weight_voidage,2.659996971487999e-05,13,ok
claims,claims_known,loop_block,0.8,aligned_duration_cache,0.0227043000049889,1,ok
claims,claims_known,loop_block,0.8,alignment_coverage_pn2_lower,0.0009557013399898064,13,ok
claims,claims_known,loop_block,0.8,alignment_coverage_pn2_upper,0.0005755010060965266,13,ok
claims,claims_known,loop_block,0.8,classical,0.0937515003606677,1,ok
claims,claims_known,loop_block,0.8,dv,7.225230699870735,1,ok
claims,claims_known,loop_block,0.8,executions_cache,8.19982960820198e-06,1,ok
claims,claims_known,loop_block,0.8,matchprob,4.400033503770828e-06,13,ok
claims,claims_known,loop_block,0.8,mean_leaf_skipprob,3.09990718960762e-06,1,ok
claims,claims_known,loop_block,0.8,salign_coverage,0.0008656005375086664,13,ok
claims,claims_known,loop_block,0.8,skipprob,4.200264811515808e-06,13,ok
claims,claims_known,loop_block,0.8,traces,0.0226870002225041,1,ok
claims,claims_known,loop_block,0.8,voidmass_deficit_lower,9.29972156882286e-06,13,ok
claims,claims_known,loop_block,0.8,voidmass_deficit_upper,4.800036549568176e-06,13,ok
claims,claims_known,loop_block,0.8,voidmass_movecount,3.900378942489624e-06,13,ok
claims,claims_known,loop_block,0.8,voidmass_movecount_bound,4.90015372633934e-06,13,ok
claims,claims_known,loop_block,0.8,voidmass_process_lower,5.499459803104401e-06,13,ok
claims,claims_known,loop_block,0.8,voidmass_process_upper,4.4996850192546844e-06,13,ok
claims,claims_known,loop_block,0.8,voidsalign3,0.0005664997734129126,13,ok
claims,claims_known,loop_block,0.8,voidsat2,0.0038605006411664747,13,ok
claims,claims_known,loop_block,0.8,weight_voidage,2.4600420147180557e-05,13,ok
claims,claims_known,loop_block,0.9,aligned_duration_cache,0.0223077000118792,1,ok
claims,claims_known,loop_block,0.9,alignment_coverage_pn2_lower,0.0006862003356217763,13,ok
claims,claims_known,loop_block,0.9,alignment_coverage_pn2_upper,0.00040079979225993156,13,ok
claims,claims_known,loop_block,0.9,classical,0.0909015997312963,1,ok
claims,claims_known,loop_block,0.9,dv,6.677465499844402,1,ok
claims,claims_known,loop_block,0.9,executions_cache,7.6000578701496124e-06,1,ok
claims,claims_known,loop_block,0.9,matchprob,4.400499165058136e-06,13,ok
claims,claims_known,loop_block,0.9,mean_leaf_skipprob,2.9997900128364563e-06,1,ok
claims,claims_known,loop_block,0.9,salign_coverage,0.0006373007781803041,13,ok
claims,claims_known,loop_block,0.9,skipprob,4.2994506657123566e-06,13,ok
claims,claims_known,loop_block,0.9,traces,0.0222934000194072,1,ok
claims,claims_known,loop_block,0.9,voidmass_deficit_lower,9.29972156882286e-06,13,ok
claims,claims_known,loop_block,0.9,voidmass_deficit_upper,4.5006163418293e-06,13,ok
claims,claims_known,loop_block,0.9,voidmass_movecount,4.200264811515808e-06,13,ok
claims,claims_known,loop_block,0.9,voidmass_movecount_bound,3.899913281202316e-06,13,ok
claims,claims_known,loop_block,0.9,voidmass_process_lower,4.298519343137741e-06,13,ok
claims,claims_known,loop_block,0.9,voidmass_process_upper,4.199333488941193e-06,13,ok
claims,claims_known,loop_block,0.9,voidsalign3,0.0004032994620501995,13,ok
claims,claims_known,loop_block,0.9,voidsat2,0.003651400562375138,13,ok
claims,claims_known,loop_block,0.9,weight_voidage,2.4300068616867065e-05,13,ok
claims,claims_known,trace,0.1,aligned_duration_cache,0.0210965001024305,1,ok
claims,claims_known,trace,0.1,alignment_coverage_pn2_lower,0.0010831002146004848,13,ok
claims,claims_known,trace,0.1,alignment_coverage_pn2_upper,0.0006498014554381362,13,ok
claims,claims_known,trace,0.1,classical,0.1062099002301693,1,ok
claims,claims_known,trace,0.1,dv,8.346189999952912,1,ok
claims,claims_known,trace,0.1,executions_cache,8.200295269489288e-06,1,ok
claims,claims_known,trace,0.1,matchprob,3.900378942489624e-06,13,ok
claims,claims_known,trace,0.1,mean_leaf_skipprob,2.500135451555252e-06,1,ok
claims,claims_known,trace,0.1,salign_coverage,0.0010707005858420675,13,ok
claims,claims_known,trace,0.1,skipprob,4.1997991502285e-06,13,ok
claims,claims_known,trace,0.1,traces,0.0210800003260374,1,ok
claims,claims_known,trace,0.1,voidmass_deficit_lower,9.700655937194824e-06,13,ok
claims,claims_known,trace,0.1,voidmass_deficit_upper,4.599802196025848e-06,13,ok
claims,claims_known,trace,0.1,voidmass_movecount,4.500150680541992e-06,13,ok
claims,claims_known,trace,0.1,voidmass_movecount_bound,4.101544618606567e-06,13,ok
claims,claims_known,trace,0.1,voidmass_process_lower,4.4996850192546844e-06,13,ok
claims,claims_known,trace,0.1,voidmass_process_upper,4.299916326999664e-06,13,ok
claims,claims_known,trace,0.1,voidsalign3,0.0006948001682757932,13,ok
claims,claims_known,trace,0.1,voidsat2,0.0043433001264922486,13,ok
claims,claims_known,trace,0.1,weight_voidage,2.3599714040756226e-05,13,ok
claims,claims_known,trace,0.2,aligned_duration_cache,0.0182843999937176,1,ok
claims,claims_known,trace,0.2,alignment_coverage_pn2_lower,0.0010077012702822458,13,ok
claims,claims_known,trace,0.2,alignment_coverage_pn2_upper,0.0006418987177312027,13,ok
claims,claims_known,trace,0.2,classical,0.0979869998991489,1,ok
claims,claims_known,trace,0.2,dv,7.667981000151485,1,ok
claims,claims_known,trace,0.2,executions_cache,8.00006091594696e-06,1,ok
claims,claims_known,trace,0.2,matchprob,3.9995647966861725e-06,13,ok
claims,claims_known,trace,0.2,mean_leaf_skipprob,3.09990718960762e-06,1,ok
claims,claims_known,trace,0.2,salign_coverage,0.0010046008974312931,13,ok
claims,claims_known,trace,0.2,skipprob,4.400033503770828e-06,13,ok
claims,claims_known,trace,0.2,traces,0.0182702001184225,1,ok
claims,claims_known,trace,0.2,voidmass_deficit_lower,1.0099727660417557e-05,13,ok
claims,claims_known,trace,0.2,voidmass_deficit_upper,5.098525434732437e-06,13,ok
claims,claims_known,trace,0.2,voidmass_movecount,4.299916326999664e-06,13,ok
claims,claims_known,trace,0.2,voidmass_movecount_bound,4.299916326999664e-06,13,ok
claims,claims_known,trace,0.2,voidmass_process_lower,4.999805241823196e-06,13,ok
claims,claims_known,trace,0.2,voidmass_process_upper,4.300381988286972e-06,13,ok
claims,claims_known,trace,0.2,voidsalign3,0.0006786989979445505,13,ok
claims,claims_known,trace,0.2,voidsat2,0.004090099595486567,13,ok
claims,claims_known,trace,0.2,weight_voidage,2.490077167749405e-05,13,ok
claims,claims_known,trace,0.3,aligned_duration_cache,0.0169978998601436,1,ok
claims,claims_known,trace,0.3,alignment_coverage_pn2_lower,0.0013708998449146112,13,ok
claims,claims_known,trace,0.3,alignment_coverage_pn2_upper,0.0008306009694932982,13,ok
claims,claims_known,trace,0.3,classical,0.0982964998111128,1,ok
claims,claims_known,trace,0.3,dv,7.764764300081879,1,ok
claims,claims_known,trace,0.3,executions_cache,1.0699965059757233e-05,1,ok
claims,claims_known,trace,0.3,matchprob,5.6996941566467285e-06,13,ok
claims,claims_known,trace,0.3,mean_leaf_skipprob,4.500150680541992e-06,1,ok
claims,claims_known,trace,0.3,salign_coverage,0.001424899790436005,13,ok
claims,claims_known,trace,0.3,skipprob,6.400980055332184e-06,13,ok
claims,claims_known,trace,0.3,traces,0.0169851998798549,1,ok
claims,claims_known,trace,0.3,voidmass_deficit_lower,1.29002146422863e-05,13,ok
claims,claims_known,trace,0.3,voidmass_deficit_upper,6.200745701789856e-06,13,ok
claims,claims_known,trace,0.3,voidmass_movecount,6.399117410182953e-06,13,ok
claims,claims_known,trace,0.3,voidmass_movecount_bound,5.099456757307053e-06,13,ok
claims,claims_known,trace,0.3,voidmass_process_lower,6.401445716619492e-06,13,ok
claims,claims_known,trace,0.3,voidmass_process_upper,5.099456757307053e-06,13,ok
claims,claims_known,trace,0.3,voidsalign3,0.0008837012574075846,13,ok
claims,claims_known,trace,0.3,voidsat2,0.0049584009684616685,13,ok
claims,claims_known,trace,0.3,weight_voidage,3.5799574106931686e-05,13,ok
claims,claims_known,trace,0.4,aligned_duration_cache,0.014790799934417,1,ok
claims,claims_known,trace,0.4,alignment_coverage_pn2_lower,0.0010323012247681314,13,ok
claims,claims_known,trace,0.4,alignment_coverage_pn2_upper,0.000642599072307285,13,ok
claims,claims_known,trace,0.4,classical,0.1040684999898076,1,ok
claims,claims_known,trace,0.4,dv,7.836320699658245,1,ok
claims,claims_known,trace,0.4,executions_cache,7.699709385633469e-06,1,ok
claims,claims_known,trace,0.4,matchprob,4.400499165058136e-06,13,ok
claims,claims_known,trace,0.4,mean_leaf_skipprob,2.800021320581436e-06,1,ok
claims,claims_known,trace,0.4,salign_coverage,0.0010139006190001713,13,ok
claims,claims_known,trace,0.4,skipprob,4.70038503408432e-06,13,ok
claims,claims_known,trace,0.4,traces,0.0147778997197747,1,ok
claims,claims_known,trace,0.4,voidmass_deficit_lower,9.899958968162537e-06,13,ok
claims,claims_known,trace,0.4,voidmass_deficit_upper,4.799105226993561e-06,13,ok
claims,claims_known,trace,0.4,voidmass_movecount,4.400033503770828e-06,13,ok
claims,claims_known,trace,0.4,voidmass_movecount_bound,4.8996880650520325e-06,13,ok
claims,claims_known,trace,0.4,voidmass_process_lower,4.800036549568176e-06,13,ok
claims,claims_known,trace,0.4,voidmass_process_upper,4.800502210855484e-06,13,ok
claims,claims_known,trace,0.4,voidsalign3,0.0006800000555812803,13,ok
claims,claims_known,trace,0.4,voidsat2,0.003224699292331476,13,ok
claims,claims_known,trace,0.4,weight_voidage,2.4700071662664413e-05,13,ok
claims,claims_known,trace,0.5,aligned_duration_cache,0.012531999964267,1,ok
claims,claims_known,trace,0.5,alignment_coverage_pn2_lower,0.0011158999986946069,13,ok
claims,claims_known,trace,0.5,alignment_coverage_pn2_upper,0.0006266003474593004,13,ok
claims,claims_known,trace,0.5,classical,0.1200598003342747,1,ok
claims,claims_known,trace,0.5,dv,7.477793199941516,1,ok
claims,claims_known,trace,0.5,executions_cache,9.29972156882286e-06,1,ok
claims,claims_known,trace,0.5,matchprob,4.600267857313156e-06,13,ok
claims,claims_known,trace,0.5,mean_leaf_skipprob,3.09990718960762e-06,1,ok
claims,claims_known,trace,0.5,salign_coverage,0.0010824995115398478,13,ok
claims,claims_known,trace,0.5,skipprob,4.400964826345444e-06,13,ok
claims,claims_known,trace,0.5,traces,0.0125170000828802,1,ok
claims,claims_known,trace,0.5,voidmass_deficit_lower,1.1799857020378113e-05,13,ok
claims,claims_known,trace,0.5,voidmass_deficit_upper,4.8996880650520325e-06,13,ok
claims,claims_known,trace,0.5,voidmass_movecount,5.499925464391708e-06,13,ok
claims,claims_known,trace,0.5,voidmass_movecount_bound,5.200039595365524e-06,13,ok
claims,claims_known,trace,0.5,voidmass_process_lower,5.398876965045929e-06,13,ok
claims,claims_known,trace,0.5,voidmass_process_upper,1.0299962013959885e-05,13,ok
claims,claims_known,trace,0.5,voidsalign3,0.0006762999109923049,13,ok
claims,claims_known,trace,0.5,voidsat2,0.0030123009346420967,13,ok
claims,claims_known,trace,0.5,weight_voidage,2.5600194931030273e-05,13,ok
claims,claims_known,trace,0.6,aligned_duration_cache,0.0104241999797523,1,ok
claims,claims_known,trace,0.6,alignment_coverage_pn2_lower,0.0009099994786083664,13,ok
claims,claims_known,trace,0.6,alignment_coverage_pn2_upper,0.0005499003455042478,13,ok
claims,claims_known,trace,0.6,classical,0.088485499843955,1,ok
claims,claims_known,trace,0.6,dv,7.48012309987098,1,ok
claims,claims_known,trace,0.6,executions_cache,7.700175046920776e-06,1,ok
claims,claims_known,trace,0.6,matchprob,4.400033503770828e-06,13,ok
claims,claims_known,trace,0.6,mean_leaf_skipprob,2.9001384973526e-06,1,ok
claims,claims_known,trace,0.6,salign_coverage,0.0008880002424120312,13,ok
claims,claims_known,trace,0.6,skipprob,3.9995647966861725e-06,13,ok
claims,claims_known,trace,0.6,traces,0.0104093998670578,1,ok
claims,claims_known,trace,0.6,voidmass_deficit_lower,8.700881153345108e-06,13,ok
claims,claims_known,trace,0.6,voidmass_deficit_upper,4.699919372797012e-06,13,ok
claims,claims_known,trace,0.6,voidmass_movecount,3.898981958627701e-06,13,ok
claims,claims_known,trace,0.6,voidmass_movecount_bound,3.6992132663726807e-06,13,ok
claims,claims_known,trace,0.6,voidmass_process_lower,4.599336534738541e-06,13,ok
claims,claims_known,trace,0.6,voidmass_process_upper,4.000496119260788e-06,13,ok
claims,claims_known,trace,0.6,voidsalign3,0.0006137997843324877,13,ok
claims,claims_known,trace,0.6,voidsat2,0.0023197005502876293,13,ok
claims,claims_known,trace,0.6,weight_voidage,2.349959686398506e-05,13,ok
claims,claims_known,trace,0.7,aligned_duration_cache,0.0075483000837266,1,ok
claims,claims_known,trace,0.7,alignment_coverage_pn2_lower,0.0007993993349372964,13,ok
claims,claims_known,trace,0.7,alignment_coverage_pn2_upper,0.00048419972881674767,13,ok
claims,claims_known,trace,0.7,classical,0.0861928998492658,1,ok
claims,claims_known,trace,0.7,dv,7.035895599983633,1,ok
claims,claims_known,trace,0.7,executions_cache,8.19982960820198e-06,1,ok
claims,claims_known,trace,0.7,matchprob,3.800727427005768e-06,13,ok
claims,claims_known,trace,0.7,mean_leaf_skipprob,3.200024366378784e-06,1,ok
claims,claims_known,trace,0.7,salign_coverage,0.0025788997299967748,13,ok
claims,claims_known,trace,0.7,skipprob,4.0996819734573364e-06,13,ok
claims,claims_known,trace,0.7,traces,0.0075348997488617,1,ok
claims,claims_known,trace,0.7,voidmass_deficit_lower,7.99819827079773e-06,13,ok
claims,claims_known,trace,0.7,voidmass_deficit_upper,4.400033503770828e-06,13,ok
claims,claims_known,trace,0.7,voidmass_movecount,4.099216312170029e-06,13,ok
claims,claims_known,trace,0.7,voidmass_movecount_bound,3.3993273973464966e-06,13,ok
claims,claims_known,trace,0.7,voidmass_process_lower,4.400499165058136e-06,13,ok
claims,claims_known,trace,0.7,voidmass_process_upper,3.900378942489624e-06,13,ok
claims,claims_known,trace,0.7,voidsalign3,0.0005311998538672924,13,ok
claims,claims_known,trace,0.7,voidsat2,0.0019485000520940653,13,ok
claims,claims_known,trace,0.7,weight_voidage,2.3999717086553574e-05,13,ok
claims,claims_known,trace,0.8,aligned_duration_cache,0.0055249999277293,1,ok
claims,claims_known,trace,0.8,alignment_coverage_pn2_lower,0.0005298000760375647,13,ok
claims,claims_known,trace,0.8,alignment_coverage_pn2_upper,0.00030219973996281624,13,ok
claims,claims_known,trace,0.8,classical,0.0378057002089917,1,ok
claims,claims_known,trace,0.8,dv,6.689900099765509,1,ok
claims,claims_known,trace,0.8,executions_cache,8.200295269489288e-06,1,ok
claims,claims_known,trace,0.8,matchprob,4.800036549568176e-06,13,ok
claims,claims_known,trace,0.8,mean_leaf_skipprob,3.09990718960762e-06,1,ok
claims,claims_known,trace,0.8,salign_coverage,0.0005489997565745822,13,ok
claims,claims_known,trace,0.8,skipprob,4.200730472803116e-06,13,ok
claims,claims_known,trace,0.8,traces,0.0055102002806961,1,ok
claims,claims_known,trace,0.8,voidmass_deficit_lower,8.90018418431282e-06,13,ok
claims,claims_known,trace,0.8,voidmass_deficit_upper,4.8996880650520325e-06,13,ok
claims,claims_known,trace,0.8,voidmass_movecount,3.899913281202316e-06,13,ok
claims,claims_known,trace,0.8,voidmass_movecount_bound,4.200264811515808e-06,13,ok
claims,claims_known,trace,0.8,voidmass_process_lower,4.900619387626648e-06,13,ok
claims,claims_known,trace,0.8,voidmass_process_upper,4.199333488941193e-06,13,ok
claims,claims_known,trace,0.8,voidsalign3,0.0003293994814157486,13,ok
claims,claims_known,trace,0.8,voidsat2,0.001153999473899446,13,ok
claims,claims_known,trace,0.8,weight_voidage,2.3600179702043533e-05,13,ok
claims,claims_known,trace,0.9,aligned_duration_cache,0.0029902001842856,1,ok
claims,claims_known,trace,0.9,alignment_coverage_pn2_lower,0.000294000841677152,13,ok
claims,claims_known,trace,0.9,alignment_coverage_pn2_upper,0.00016859965398907661,13,ok
claims,claims_known,trace,0.9,classical,0.020100399851799,1,ok
claims,claims_known,trace,0.9,dv,6.105625899974257,1,ok
claims,claims_known,trace,0.9,executions_cache,7.999595254659653e-06,1,ok
claims,claims_known,trace,0.9,matchprob,4.1997991502285e-06,13,ok
claims,claims_known,trace,0.9,mean_leaf_skipprob,2.800021320581436e-06,1,ok
claims,claims_known,trace,0.9,salign_coverage,0.0003062011674046465,13,ok
claims,claims_known,trace,0.9,skipprob,4.100147634744644e-06,13,ok
claims,claims_known,trace,0.9,traces,0.0029779998585581,1,ok
claims,claims_known,trace,0.9,voidmass_deficit_lower,8.799601346254349e-06,13,ok
claims,claims_known,trace,0.9,voidmass_deficit_upper,4.901085048913956e-06,13,ok
claims,claims_known,trace,0.9,voidmass_movecount,4.400964826345444e-06,13,ok
claims,claims_known,trace,0.9,voidmass_movecount_bound,4.200730472803116e-06,13,ok
claims,claims_known,trace,0.9,voidmass_process_lower,5.199108272790909e-06,13,ok
claims,claims_known,trace,0.9,voidmass_process_upper,4.400033503770828e-06,13,ok
claims,claims_known,trace,0.9,voidsalign3,0.00018979934975504875,13,ok
claims,claims_known,trace,0.9,voidsat2,0.000544399488717313,13,ok
claims,claims_known,trace,0.9,weight_voidage,2.150004729628563e-05,13,ok
claims,claims_known,,0.0,aligned_duration_cache,0.0256746998056769,1,ok
claims,claims_known,,0.0,alignment_coverage_pn2_lower,0.0010266988538205177,13,ok
claims,claims_known,,0.0,alignment_coverage_pn2_upper,0.0006518005393445457,13,ok
claims,claims_known,,0.0,classical,0.1145040998235344,1,ok
claims,claims_known,,0.0,dv,8.251636100001633,1,ok
claims,claims_known,,0.0,executions_cache,9.899958968162537e-06,1,ok
claims,claims_known,,0.0,matchprob,4.899222403764725e-06,13,ok
claims,claims_known,,0.0,mean_leaf_skipprob,5.000270903110504e-06,1,ok
claims,claims_known,,0.0,salign_coverage,0.0010822997428476216,13,ok
claims,claims_known,,0.0,skipprob,5.099456757307053e-06,13,ok
claims,claims_known,,0.0,traces,0.0256448001600801,1,ok
claims,claims_known,,0.0,voidmass_deficit_lower,1.0500196367502213e-05,13,ok
claims,claims_known,,0.0,voidmass_deficit_upper,5.501322448253632e-06,13,ok
claims,claims_known,,0.0,voidmass_movecount,3.80026176571846e-06,13,ok
claims,claims_known,,0.0,voidmass_movecount_bound,4.300381988286972e-06,13,ok
claims,claims_known,,0.0,voidmass_process_lower,4.70038503408432e-06,13,ok
claims,claims_known,,0.0,voidmass_process_upper,4.0014274418354034e-06,13,ok
claims,claims_known,,0.0,voidsalign3,0.0007144007831811116,13,ok
claims,claims_known,,0.0,voidsat2,0.004751399625092198,13,ok
claims,claims_known,,0.0,weight_voidage,3.220047801733017e-05,13,ok
